MeM,Threshold,model,TIC_Count
Fastcore,GL,E2199,4
Fastcore,GL,E2200,6
Fastcore,GL,E2201,4
Fastcore,GL,E2202,7
Fastcore,GL,E2203,1
Fastcore,GL,E2204,2
Fastcore,GL,E2205,0
Fastcore,GL,E2206,1
Fastcore,GL,E2207,0
Fastcore,GL,E2208,0
Fastcore,GL,E2209,3
Fastcore,GL,E2210,2
Fastcore,GL,E2211,2
Fastcore,GL,E2212,3
Fastcore,GL,E2213,3
Fastcore,GL,E2214,3
Fastcore,GL,E2215,3
Fastcore,GL,E2216,3
Fastcore,GL,E2217,3
Fastcore,GL,E2218,3
Fastcore,GL,E2219,3
Fastcore,GL,E2220,2
Fastcore,GL,E2221,2
Fastcore,GL,E2222,3
Fastcore,GL,E2223,1
Fastcore,GL,E2224,1
Fastcore,GL,E2225,3
Fastcore,GL,E2226,1
Fastcore,GL,E2227,1
Fastcore,GL,E2228,1
Fastcore,GL,E2229,1
Fastcore,GL,E2230,3
Fastcore,GL,E2231,1
Fastcore,GL,E2232,1
Fastcore,GL,E2233,1
Fastcore,GL,E2234,3
Fastcore,GL,E2235,1
Fastcore,GL,E2236,3
Fastcore,GL,E2237,3
Fastcore,GL,E2238,3
Fastcore,GL,E2239,5
Fastcore,GL,E2240,7
Fastcore,GL,E2241,6
Fastcore,GL,E2242,6
Fastcore,GL,E2243,6
Fastcore,GL,E2244,1
Fastcore,GL,E2245,1
Fastcore,GL,E2246,1
Fastcore,GL,E2247,1
Fastcore,GL,E2248,1
Fastcore,GL,E2249,1
Fastcore,GL,E2250,1
Fastcore,GL,E2251,1
Fastcore,GL,E2252,1
Fastcore,GL,E2253,1
Fastcore,GL,E2254,5
Fastcore,GL,E2255,2
Fastcore,GL,E2256,6
Fastcore,GL,E2257,6
Fastcore,GL,E2258,5
Fastcore,GL,E2259,3
Fastcore,GL,E2260,3
Fastcore,GL,E2261,4
Fastcore,GL,E2262,5
GIMME,GL,E2199,2
GIMME,GL,E2200,3
GIMME,GL,E2201,3
GIMME,GL,E2202,6
GIMME,GL,E2203,1
GIMME,GL,E2204,0
GIMME,GL,E2205,0
GIMME,GL,E2206,0
GIMME,GL,E2207,0
GIMME,GL,E2208,0
GIMME,GL,E2209,2
GIMME,GL,E2210,2
GIMME,GL,E2211,1
GIMME,GL,E2212,2
GIMME,GL,E2213,2
GIMME,GL,E2214,2
GIMME,GL,E2215,2
GIMME,GL,E2216,2
GIMME,GL,E2217,2
GIMME,GL,E2218,2
GIMME,GL,E2219,2
GIMME,GL,E2220,2
GIMME,GL,E2221,2
GIMME,GL,E2222,2
GIMME,GL,E2223,0
GIMME,GL,E2224,0
GIMME,GL,E2225,2
GIMME,GL,E2226,0
GIMME,GL,E2227,0
GIMME,GL,E2228,0
GIMME,GL,E2229,0
GIMME,GL,E2230,1
GIMME,GL,E2231,0
GIMME,GL,E2232,0
GIMME,GL,E2233,0
GIMME,GL,E2234,2
GIMME,GL,E2235,0
GIMME,GL,E2236,2
GIMME,GL,E2237,2
GIMME,GL,E2238,2
GIMME,GL,E2239,4
GIMME,GL,E2240,4
GIMME,GL,E2241,4
GIMME,GL,E2242,4
GIMME,GL,E2243,4
GIMME,GL,E2244,0
GIMME,GL,E2245,0
GIMME,GL,E2246,0
GIMME,GL,E2247,0
GIMME,GL,E2248,0
GIMME,GL,E2249,0
GIMME,GL,E2250,0
GIMME,GL,E2251,0
GIMME,GL,E2252,0
GIMME,GL,E2253,0
GIMME,GL,E2254,4
GIMME,GL,E2255,2
GIMME,GL,E2256,2
GIMME,GL,E2257,3
GIMME,GL,E2258,3
GIMME,GL,E2259,2
GIMME,GL,E2260,2
GIMME,GL,E2261,2
GIMME,GL,E2262,4
MBA,GL,E2199,1
MBA,GL,E2200,8
MBA,GL,E2201,26
MBA,GL,E2202,11
MBA,GL,E2203,1
MBA,GL,E2204,23
MBA,GL,E2205,12
MBA,GL,E2206,0
MBA,GL,E2207,0
MBA,GL,E2208,9
MBA,GL,E2209,3
MBA,GL,E2210,0
MBA,GL,E2211,0
MBA,GL,E2212,2
MBA,GL,E2213,2
MBA,GL,E2214,2
MBA,GL,E2215,2
MBA,GL,E2216,2
MBA,GL,E2217,3
MBA,GL,E2218,3
MBA,GL,E2219,2
MBA,GL,E2220,2
MBA,GL,E2221,2
MBA,GL,E2222,3
MBA,GL,E2223,0
MBA,GL,E2224,0
MBA,GL,E2225,2
MBA,GL,E2226,0
MBA,GL,E2227,0
MBA,GL,E2228,15
MBA,GL,E2229,5
MBA,GL,E2230,1
MBA,GL,E2231,0
MBA,GL,E2232,16
MBA,GL,E2233,4
MBA,GL,E2234,1
MBA,GL,E2235,1
MBA,GL,E2236,2
MBA,GL,E2237,2
MBA,GL,E2238,3
MBA,GL,E2239,6
MBA,GL,E2240,11
MBA,GL,E2241,5
MBA,GL,E2242,15
MBA,GL,E2243,15
MBA,GL,E2244,1
MBA,GL,E2245,0
MBA,GL,E2246,0
MBA,GL,E2247,1
MBA,GL,E2248,1
MBA,GL,E2249,0
MBA,GL,E2250,0
MBA,GL,E2251,1
MBA,GL,E2252,1
MBA,GL,E2253,1
MBA,GL,E2254,4
MBA,GL,E2255,3
MBA,GL,E2256,2
MBA,GL,E2257,2
MBA,GL,E2258,2
MBA,GL,E2259,24
MBA,GL,E2260,2
MBA,GL,E2261,2
MBA,GL,E2262,4
mCADRE,GL,E2199,28
mCADRE,GL,E2200,21
mCADRE,GL,E2201,24
mCADRE,GL,E2202,24
mCADRE,GL,E2203,26
mCADRE,GL,E2204,18
mCADRE,GL,E2205,15
mCADRE,GL,E2206,16
mCADRE,GL,E2207,22
mCADRE,GL,E2208,20
mCADRE,GL,E2209,3
mCADRE,GL,E2210,2
mCADRE,GL,E2211,2
mCADRE,GL,E2212,2
mCADRE,GL,E2213,2
mCADRE,GL,E2214,2
mCADRE,GL,E2215,2
mCADRE,GL,E2216,2
mCADRE,GL,E2217,2
mCADRE,GL,E2218,2
mCADRE,GL,E2219,2
mCADRE,GL,E2220,2
mCADRE,GL,E2221,2
mCADRE,GL,E2222,2
mCADRE,GL,E2223,0
mCADRE,GL,E2224,0
mCADRE,GL,E2225,2
mCADRE,GL,E2226,0
mCADRE,GL,E2227,0
mCADRE,GL,E2228,0
mCADRE,GL,E2229,0
mCADRE,GL,E2230,1
mCADRE,GL,E2231,0
mCADRE,GL,E2232,0
mCADRE,GL,E2233,0
mCADRE,GL,E2234,1
mCADRE,GL,E2235,0
mCADRE,GL,E2236,3
mCADRE,GL,E2237,3
mCADRE,GL,E2238,3
mCADRE,GL,E2239,24
mCADRE,GL,E2240,24
mCADRE,GL,E2241,28
mCADRE,GL,E2242,28
mCADRE,GL,E2243,28
mCADRE,GL,E2244,1
mCADRE,GL,E2245,0
mCADRE,GL,E2246,0
mCADRE,GL,E2247,1
mCADRE,GL,E2248,1
mCADRE,GL,E2249,0
mCADRE,GL,E2250,1
mCADRE,GL,E2251,1
mCADRE,GL,E2252,1
mCADRE,GL,E2253,1
mCADRE,GL,E2254,5
mCADRE,GL,E2255,3
mCADRE,GL,E2256,4
mCADRE,GL,E2257,4
mCADRE,GL,E2258,4
mCADRE,GL,E2259,2
mCADRE,GL,E2260,4
mCADRE,GL,E2261,25
mCADRE,GL,E2262,4
Swiftcore,GL,E2199,4
Swiftcore,GL,E2200,8
Swiftcore,GL,E2201,5
Swiftcore,GL,E2202,6
Swiftcore,GL,E2203,1
Swiftcore,GL,E2204,1
Swiftcore,GL,E2205,0
Swiftcore,GL,E2206,1
Swiftcore,GL,E2207,0
Swiftcore,GL,E2208,0
Swiftcore,GL,E2209,3
Swiftcore,GL,E2210,0
Swiftcore,GL,E2211,0
Swiftcore,GL,E2212,3
Swiftcore,GL,E2213,3
Swiftcore,GL,E2214,3
Swiftcore,GL,E2215,3
Swiftcore,GL,E2216,3
Swiftcore,GL,E2217,3
Swiftcore,GL,E2218,3
Swiftcore,GL,E2219,3
Swiftcore,GL,E2220,2
Swiftcore,GL,E2221,2
Swiftcore,GL,E2222,3
Swiftcore,GL,E2223,1
Swiftcore,GL,E2224,0
Swiftcore,GL,E2225,3
Swiftcore,GL,E2226,1
Swiftcore,GL,E2227,1
Swiftcore,GL,E2228,0
Swiftcore,GL,E2229,0
Swiftcore,GL,E2230,2
Swiftcore,GL,E2231,1
Swiftcore,GL,E2232,1
Swiftcore,GL,E2233,1
Swiftcore,GL,E2234,3
Swiftcore,GL,E2235,1
Swiftcore,GL,E2236,3
Swiftcore,GL,E2237,3
Swiftcore,GL,E2238,3
Swiftcore,GL,E2239,6
Swiftcore,GL,E2240,7
Swiftcore,GL,E2241,6
Swiftcore,GL,E2242,3
Swiftcore,GL,E2243,3
Swiftcore,GL,E2244,1
Swiftcore,GL,E2245,1
Swiftcore,GL,E2246,1
Swiftcore,GL,E2247,1
Swiftcore,GL,E2248,1
Swiftcore,GL,E2249,1
Swiftcore,GL,E2250,1
Swiftcore,GL,E2251,1
Swiftcore,GL,E2252,1
Swiftcore,GL,E2253,1
Swiftcore,GL,E2254,4
Swiftcore,GL,E2255,3
Swiftcore,GL,E2256,5
Swiftcore,GL,E2257,4
Swiftcore,GL,E2258,2
Swiftcore,GL,E2259,3
Swiftcore,GL,E2260,3
Swiftcore,GL,E2261,3
Swiftcore,GL,E2262,2
TOCS,GL,E2199,1
TOCS,GL,E2200,2
TOCS,GL,E2201,3
TOCS,GL,E2202,7
TOCS,GL,E2203,1
TOCS,GL,E2204,0
TOCS,GL,E2205,0
TOCS,GL,E2206,1
TOCS,GL,E2207,0
TOCS,GL,E2208,2
TOCS,GL,E2209,2
TOCS,GL,E2210,0
TOCS,GL,E2211,0
TOCS,GL,E2212,2
TOCS,GL,E2213,2
TOCS,GL,E2214,2
TOCS,GL,E2215,3
TOCS,GL,E2216,2
TOCS,GL,E2217,2
TOCS,GL,E2218,2
TOCS,GL,E2219,2
TOCS,GL,E2220,2
TOCS,GL,E2221,2
TOCS,GL,E2222,2
TOCS,GL,E2223,0
TOCS,GL,E2224,0
TOCS,GL,E2225,2
TOCS,GL,E2226,1
TOCS,GL,E2227,0
TOCS,GL,E2228,0
TOCS,GL,E2229,1
TOCS,GL,E2230,0
TOCS,GL,E2231,0
TOCS,GL,E2232,0
TOCS,GL,E2233,1
TOCS,GL,E2234,1
TOCS,GL,E2235,1
TOCS,GL,E2236,4
TOCS,GL,E2237,2
TOCS,GL,E2238,3
TOCS,GL,E2239,5
TOCS,GL,E2240,6
TOCS,GL,E2241,7
TOCS,GL,E2242,2
TOCS,GL,E2243,3
TOCS,GL,E2244,1
TOCS,GL,E2245,0
TOCS,GL,E2246,0
TOCS,GL,E2247,1
TOCS,GL,E2248,2
TOCS,GL,E2249,2
TOCS,GL,E2250,0
TOCS,GL,E2251,1
TOCS,GL,E2252,1
TOCS,GL,E2253,3
TOCS,GL,E2254,3
TOCS,GL,E2255,2
TOCS,GL,E2256,2
TOCS,GL,E2257,2
TOCS,GL,E2258,2
TOCS,GL,E2259,2
TOCS,GL,E2260,2
TOCS,GL,E2261,2
TOCS,GL,E2262,2
Fastcore,LG,E2199,5
Fastcore,LG,E2200,11
Fastcore,LG,E2201,4
Fastcore,LG,E2202,11
Fastcore,LG,E2203,2
Fastcore,LG,E2204,4
Fastcore,LG,E2205,3
Fastcore,LG,E2206,5
Fastcore,LG,E2207,3
Fastcore,LG,E2208,4
Fastcore,LG,E2209,3
Fastcore,LG,E2210,5
Fastcore,LG,E2211,5
Fastcore,LG,E2212,7
Fastcore,LG,E2213,8
Fastcore,LG,E2214,8
Fastcore,LG,E2215,7
Fastcore,LG,E2216,8
Fastcore,LG,E2217,8
Fastcore,LG,E2218,8
Fastcore,LG,E2219,8
Fastcore,LG,E2220,4
Fastcore,LG,E2221,4
Fastcore,LG,E2222,4
Fastcore,LG,E2223,4
Fastcore,LG,E2224,4
Fastcore,LG,E2225,4
Fastcore,LG,E2226,4
Fastcore,LG,E2227,4
Fastcore,LG,E2228,4
Fastcore,LG,E2229,4
Fastcore,LG,E2230,7
Fastcore,LG,E2231,4
Fastcore,LG,E2232,5
Fastcore,LG,E2233,5
Fastcore,LG,E2234,10
Fastcore,LG,E2235,5
Fastcore,LG,E2236,8
Fastcore,LG,E2237,7
Fastcore,LG,E2238,8
Fastcore,LG,E2239,5
Fastcore,LG,E2240,6
Fastcore,LG,E2241,8
Fastcore,LG,E2242,8
Fastcore,LG,E2243,8
Fastcore,LG,E2244,4
Fastcore,LG,E2245,4
Fastcore,LG,E2246,4
Fastcore,LG,E2247,6
Fastcore,LG,E2248,5
Fastcore,LG,E2249,5
Fastcore,LG,E2250,4
Fastcore,LG,E2251,4
Fastcore,LG,E2252,4
Fastcore,LG,E2253,4
Fastcore,LG,E2254,5
Fastcore,LG,E2255,2
Fastcore,LG,E2256,5
Fastcore,LG,E2257,6
Fastcore,LG,E2258,5
Fastcore,LG,E2259,1
Fastcore,LG,E2260,3
Fastcore,LG,E2261,3
Fastcore,LG,E2262,5
GIMME,LG,E2199,9
GIMME,LG,E2200,6
GIMME,LG,E2201,6
GIMME,LG,E2202,6
GIMME,LG,E2203,6
GIMME,LG,E2204,5
GIMME,LG,E2205,5
GIMME,LG,E2206,6
GIMME,LG,E2207,6
GIMME,LG,E2208,5
GIMME,LG,E2209,4
GIMME,LG,E2210,8
GIMME,LG,E2211,7
GIMME,LG,E2212,6
GIMME,LG,E2213,6
GIMME,LG,E2214,6
GIMME,LG,E2215,6
GIMME,LG,E2216,6
GIMME,LG,E2217,7
GIMME,LG,E2218,6
GIMME,LG,E2219,6
GIMME,LG,E2220,5
GIMME,LG,E2221,5
GIMME,LG,E2222,4
GIMME,LG,E2223,4
GIMME,LG,E2224,4
GIMME,LG,E2225,5
GIMME,LG,E2226,4
GIMME,LG,E2227,5
GIMME,LG,E2228,5
GIMME,LG,E2229,5
GIMME,LG,E2230,7
GIMME,LG,E2231,4
GIMME,LG,E2232,5
GIMME,LG,E2233,4
GIMME,LG,E2234,6
GIMME,LG,E2235,5
GIMME,LG,E2236,6
GIMME,LG,E2237,6
GIMME,LG,E2238,5
GIMME,LG,E2239,10
GIMME,LG,E2240,10
GIMME,LG,E2241,10
GIMME,LG,E2242,12
GIMME,LG,E2243,12
GIMME,LG,E2244,5
GIMME,LG,E2245,5
GIMME,LG,E2246,5
GIMME,LG,E2247,5
GIMME,LG,E2248,5
GIMME,LG,E2249,5
GIMME,LG,E2250,5
GIMME,LG,E2251,5
GIMME,LG,E2252,5
GIMME,LG,E2253,5
GIMME,LG,E2254,6
GIMME,LG,E2255,5
GIMME,LG,E2256,4
GIMME,LG,E2257,6
GIMME,LG,E2258,6
GIMME,LG,E2259,6
GIMME,LG,E2260,5
GIMME,LG,E2261,5
GIMME,LG,E2262,7
MBA,LG,E2199,8
MBA,LG,E2200,28
MBA,LG,E2201,9
MBA,LG,E2202,19
MBA,LG,E2203,1
MBA,LG,E2204,8
MBA,LG,E2205,2
MBA,LG,E2206,21
MBA,LG,E2207,13
MBA,LG,E2208,6
MBA,LG,E2209,1
MBA,LG,E2210,1
MBA,LG,E2211,2
MBA,LG,E2212,4
MBA,LG,E2213,5
MBA,LG,E2214,4
MBA,LG,E2215,6
MBA,LG,E2216,7
MBA,LG,E2217,5
MBA,LG,E2218,5
MBA,LG,E2219,6
MBA,LG,E2220,1
MBA,LG,E2221,1
MBA,LG,E2222,0
MBA,LG,E2223,3
MBA,LG,E2224,5
MBA,LG,E2225,2
MBA,LG,E2226,1
MBA,LG,E2227,1
MBA,LG,E2228,1
MBA,LG,E2229,1
MBA,LG,E2230,4
MBA,LG,E2231,1
MBA,LG,E2232,2
MBA,LG,E2233,35
MBA,LG,E2234,1
MBA,LG,E2235,3
MBA,LG,E2236,4
MBA,LG,E2237,5
MBA,LG,E2238,14
MBA,LG,E2239,31
MBA,LG,E2240,34
MBA,LG,E2241,35
MBA,LG,E2242,35
MBA,LG,E2243,35
MBA,LG,E2244,2
MBA,LG,E2245,2
MBA,LG,E2246,2
MBA,LG,E2247,3
MBA,LG,E2248,35
MBA,LG,E2249,1
MBA,LG,E2250,1
MBA,LG,E2251,2
MBA,LG,E2252,2
MBA,LG,E2253,2
MBA,LG,E2254,3
MBA,LG,E2255,0
MBA,LG,E2256,2
MBA,LG,E2257,3
MBA,LG,E2258,1
MBA,LG,E2259,0
MBA,LG,E2260,1
MBA,LG,E2261,1
MBA,LG,E2262,3
mCADRE,LG,E2199,2
mCADRE,LG,E2200,7
mCADRE,LG,E2201,2
mCADRE,LG,E2202,9
mCADRE,LG,E2203,0
mCADRE,LG,E2204,0
mCADRE,LG,E2205,0
mCADRE,LG,E2206,0
mCADRE,LG,E2207,0
mCADRE,LG,E2208,0
mCADRE,LG,E2209,0
mCADRE,LG,E2210,5
mCADRE,LG,E2211,2
mCADRE,LG,E2212,4
mCADRE,LG,E2213,4
mCADRE,LG,E2214,4
mCADRE,LG,E2215,4
mCADRE,LG,E2216,4
mCADRE,LG,E2217,4
mCADRE,LG,E2218,4
mCADRE,LG,E2219,4
mCADRE,LG,E2220,0
mCADRE,LG,E2221,0
mCADRE,LG,E2222,1
mCADRE,LG,E2223,1
mCADRE,LG,E2224,1
mCADRE,LG,E2225,1
mCADRE,LG,E2226,1
mCADRE,LG,E2227,1
mCADRE,LG,E2228,1
mCADRE,LG,E2229,1
mCADRE,LG,E2230,2
mCADRE,LG,E2231,1
mCADRE,LG,E2232,2
mCADRE,LG,E2233,2
mCADRE,LG,E2234,5
mCADRE,LG,E2235,2
mCADRE,LG,E2236,3
mCADRE,LG,E2237,4
mCADRE,LG,E2238,5
mCADRE,LG,E2239,5
mCADRE,LG,E2240,10
mCADRE,LG,E2241,12
mCADRE,LG,E2242,12
mCADRE,LG,E2243,7
mCADRE,LG,E2244,1
mCADRE,LG,E2245,1
mCADRE,LG,E2246,1
mCADRE,LG,E2247,2
mCADRE,LG,E2248,2
mCADRE,LG,E2249,1
mCADRE,LG,E2250,1
mCADRE,LG,E2251,1
mCADRE,LG,E2252,1
mCADRE,LG,E2253,1
mCADRE,LG,E2254,3
mCADRE,LG,E2255,0
mCADRE,LG,E2256,2
mCADRE,LG,E2257,2
mCADRE,LG,E2258,2
mCADRE,LG,E2259,0
mCADRE,LG,E2260,0
mCADRE,LG,E2261,0
mCADRE,LG,E2262,2
Swiftcore,LG,E2199,6
Swiftcore,LG,E2200,12
Swiftcore,LG,E2201,3
Swiftcore,LG,E2202,9
Swiftcore,LG,E2203,2
Swiftcore,LG,E2204,4
Swiftcore,LG,E2205,2
Swiftcore,LG,E2206,6
Swiftcore,LG,E2207,3
Swiftcore,LG,E2208,5
Swiftcore,LG,E2209,3
Swiftcore,LG,E2210,2
Swiftcore,LG,E2211,3
Swiftcore,LG,E2212,8
Swiftcore,LG,E2213,8
Swiftcore,LG,E2214,8
Swiftcore,LG,E2215,8
Swiftcore,LG,E2216,8
Swiftcore,LG,E2217,8
Swiftcore,LG,E2218,7
Swiftcore,LG,E2219,7
Swiftcore,LG,E2220,4
Swiftcore,LG,E2221,3
Swiftcore,LG,E2222,5
Swiftcore,LG,E2223,4
Swiftcore,LG,E2224,4
Swiftcore,LG,E2225,4
Swiftcore,LG,E2226,5
Swiftcore,LG,E2227,5
Swiftcore,LG,E2228,4
Swiftcore,LG,E2229,4
Swiftcore,LG,E2230,5
Swiftcore,LG,E2231,4
Swiftcore,LG,E2232,5
Swiftcore,LG,E2233,6
Swiftcore,LG,E2234,8
Swiftcore,LG,E2235,5
Swiftcore,LG,E2236,8
Swiftcore,LG,E2237,8
Swiftcore,LG,E2238,9
Swiftcore,LG,E2239,5
Swiftcore,LG,E2240,6
Swiftcore,LG,E2241,8
Swiftcore,LG,E2242,4
Swiftcore,LG,E2243,4
Swiftcore,LG,E2244,5
Swiftcore,LG,E2245,5
Swiftcore,LG,E2246,5
Swiftcore,LG,E2247,6
Swiftcore,LG,E2248,6
Swiftcore,LG,E2249,5
Swiftcore,LG,E2250,5
Swiftcore,LG,E2251,5
Swiftcore,LG,E2252,4
Swiftcore,LG,E2253,5
Swiftcore,LG,E2254,4
Swiftcore,LG,E2255,3
Swiftcore,LG,E2256,6
Swiftcore,LG,E2257,6
Swiftcore,LG,E2258,4
Swiftcore,LG,E2259,1
Swiftcore,LG,E2260,2
Swiftcore,LG,E2261,2
Swiftcore,LG,E2262,3
TOCS,LG,E2199,3
TOCS,LG,E2200,13
TOCS,LG,E2201,1
TOCS,LG,E2202,12
TOCS,LG,E2203,6
TOCS,LG,E2204,0
TOCS,LG,E2205,2
TOCS,LG,E2206,4
TOCS,LG,E2207,1
TOCS,LG,E2208,3
TOCS,LG,E2209,3
TOCS,LG,E2210,4
TOCS,LG,E2211,4
TOCS,LG,E2212,8
TOCS,LG,E2213,7
TOCS,LG,E2214,5
TOCS,LG,E2215,7
TOCS,LG,E2216,6
TOCS,LG,E2217,6
TOCS,LG,E2218,6
TOCS,LG,E2219,6
TOCS,LG,E2220,3
TOCS,LG,E2221,3
TOCS,LG,E2222,3
TOCS,LG,E2223,3
TOCS,LG,E2224,2
TOCS,LG,E2225,3
TOCS,LG,E2226,3
TOCS,LG,E2227,3
TOCS,LG,E2228,2
TOCS,LG,E2229,6
TOCS,LG,E2230,4
TOCS,LG,E2231,2
TOCS,LG,E2232,6
TOCS,LG,E2233,5
TOCS,LG,E2234,7
TOCS,LG,E2235,5
TOCS,LG,E2236,8
TOCS,LG,E2237,6
TOCS,LG,E2238,6
TOCS,LG,E2239,8
TOCS,LG,E2240,10
TOCS,LG,E2241,13
TOCS,LG,E2242,4
TOCS,LG,E2243,6
TOCS,LG,E2244,4
TOCS,LG,E2245,4
TOCS,LG,E2246,4
TOCS,LG,E2247,4
TOCS,LG,E2248,5
TOCS,LG,E2249,4
TOCS,LG,E2250,7
TOCS,LG,E2251,5
TOCS,LG,E2252,3
TOCS,LG,E2253,4
TOCS,LG,E2254,5
TOCS,LG,E2255,2
TOCS,LG,E2256,3
TOCS,LG,E2257,3
TOCS,LG,E2258,4
TOCS,LG,E2259,0
TOCS,LG,E2260,4
TOCS,LG,E2261,2
TOCS,LG,E2262,4
Fastcore,LT,E2199,4
Fastcore,LT,E2200,10
Fastcore,LT,E2201,6
Fastcore,LT,E2202,11
Fastcore,LT,E2203,1
Fastcore,LT,E2204,2
Fastcore,LT,E2205,0
Fastcore,LT,E2206,1
Fastcore,LT,E2207,0
Fastcore,LT,E2208,0
Fastcore,LT,E2209,3
Fastcore,LT,E2210,2
Fastcore,LT,E2211,2
Fastcore,LT,E2212,3
Fastcore,LT,E2213,3
Fastcore,LT,E2214,3
Fastcore,LT,E2215,3
Fastcore,LT,E2216,3
Fastcore,LT,E2217,3
Fastcore,LT,E2218,3
Fastcore,LT,E2219,3
Fastcore,LT,E2220,2
Fastcore,LT,E2221,2
Fastcore,LT,E2222,3
Fastcore,LT,E2223,1
Fastcore,LT,E2224,1
Fastcore,LT,E2225,3
Fastcore,LT,E2226,1
Fastcore,LT,E2227,1
Fastcore,LT,E2228,1
Fastcore,LT,E2229,1
Fastcore,LT,E2230,3
Fastcore,LT,E2231,1
Fastcore,LT,E2232,1
Fastcore,LT,E2233,1
Fastcore,LT,E2234,5
Fastcore,LT,E2235,2
Fastcore,LT,E2236,3
Fastcore,LT,E2237,9
Fastcore,LT,E2238,4
Fastcore,LT,E2239,6
Fastcore,LT,E2240,6
Fastcore,LT,E2241,8
Fastcore,LT,E2242,8
Fastcore,LT,E2243,6
Fastcore,LT,E2244,1
Fastcore,LT,E2245,1
Fastcore,LT,E2246,1
Fastcore,LT,E2247,1
Fastcore,LT,E2248,1
Fastcore,LT,E2249,1
Fastcore,LT,E2250,1
Fastcore,LT,E2251,1
Fastcore,LT,E2252,1
Fastcore,LT,E2253,1
Fastcore,LT,E2254,5
Fastcore,LT,E2255,2
Fastcore,LT,E2256,6
Fastcore,LT,E2257,6
Fastcore,LT,E2258,5
Fastcore,LT,E2259,3
Fastcore,LT,E2260,3
Fastcore,LT,E2261,4
Fastcore,LT,E2262,5
GIMME,LT,E2199,2
GIMME,LT,E2200,3
GIMME,LT,E2201,3
GIMME,LT,E2202,8
GIMME,LT,E2203,1
GIMME,LT,E2204,0
GIMME,LT,E2205,0
GIMME,LT,E2206,0
GIMME,LT,E2207,0
GIMME,LT,E2208,0
GIMME,LT,E2209,2
GIMME,LT,E2210,2
GIMME,LT,E2211,1
GIMME,LT,E2212,2
GIMME,LT,E2213,2
GIMME,LT,E2214,2
GIMME,LT,E2215,2
GIMME,LT,E2216,2
GIMME,LT,E2217,2
GIMME,LT,E2218,2
GIMME,LT,E2219,2
GIMME,LT,E2220,2
GIMME,LT,E2221,2
GIMME,LT,E2222,2
GIMME,LT,E2223,0
GIMME,LT,E2224,0
GIMME,LT,E2225,2
GIMME,LT,E2226,0
GIMME,LT,E2227,0
GIMME,LT,E2228,0
GIMME,LT,E2229,0
GIMME,LT,E2230,1
GIMME,LT,E2231,0
GIMME,LT,E2232,0
GIMME,LT,E2233,0
GIMME,LT,E2234,2
GIMME,LT,E2235,0
GIMME,LT,E2236,2
GIMME,LT,E2237,3
GIMME,LT,E2238,2
GIMME,LT,E2239,4
GIMME,LT,E2240,4
GIMME,LT,E2241,4
GIMME,LT,E2242,4
GIMME,LT,E2243,4
GIMME,LT,E2244,0
GIMME,LT,E2245,0
GIMME,LT,E2246,0
GIMME,LT,E2247,0
GIMME,LT,E2248,0
GIMME,LT,E2249,0
GIMME,LT,E2250,0
GIMME,LT,E2251,0
GIMME,LT,E2252,0
GIMME,LT,E2253,0
GIMME,LT,E2254,4
GIMME,LT,E2255,2
GIMME,LT,E2256,2
GIMME,LT,E2257,3
GIMME,LT,E2258,3
GIMME,LT,E2259,2
GIMME,LT,E2260,2
GIMME,LT,E2261,2
GIMME,LT,E2262,4
MBA,LT,E2199,3
MBA,LT,E2200,20
MBA,LT,E2201,14
MBA,LT,E2202,30
MBA,LT,E2203,1
MBA,LT,E2204,10
MBA,LT,E2205,0
MBA,LT,E2206,3
MBA,LT,E2207,0
MBA,LT,E2208,15
MBA,LT,E2209,3
MBA,LT,E2210,0
MBA,LT,E2211,2
MBA,LT,E2212,2
MBA,LT,E2213,3
MBA,LT,E2214,2
MBA,LT,E2215,2
MBA,LT,E2216,3
MBA,LT,E2217,3
MBA,LT,E2218,2
MBA,LT,E2219,2
MBA,LT,E2220,2
MBA,LT,E2221,2
MBA,LT,E2222,2
MBA,LT,E2223,0
MBA,LT,E2224,0
MBA,LT,E2225,2
MBA,LT,E2226,0
MBA,LT,E2227,0
MBA,LT,E2228,11
MBA,LT,E2229,0
MBA,LT,E2230,1
MBA,LT,E2231,0
MBA,LT,E2232,16
MBA,LT,E2233,0
MBA,LT,E2234,3
MBA,LT,E2235,1
MBA,LT,E2236,3
MBA,LT,E2237,7
MBA,LT,E2238,4
MBA,LT,E2239,10
MBA,LT,E2240,6
MBA,LT,E2241,10
MBA,LT,E2242,14
MBA,LT,E2243,2
MBA,LT,E2244,1
MBA,LT,E2245,1
MBA,LT,E2246,1
MBA,LT,E2247,1
MBA,LT,E2248,1
MBA,LT,E2249,1
MBA,LT,E2250,1
MBA,LT,E2251,1
MBA,LT,E2252,1
MBA,LT,E2253,1
MBA,LT,E2254,4
MBA,LT,E2255,3
MBA,LT,E2256,4
MBA,LT,E2257,4
MBA,LT,E2258,4
MBA,LT,E2259,2
MBA,LT,E2260,2
MBA,LT,E2261,3
MBA,LT,E2262,2
mCADRE,LT,E2199,28
mCADRE,LT,E2200,26
mCADRE,LT,E2201,28
mCADRE,LT,E2202,28
mCADRE,LT,E2203,26
mCADRE,LT,E2204,22
mCADRE,LT,E2205,15
mCADRE,LT,E2206,16
mCADRE,LT,E2207,22
mCADRE,LT,E2208,20
mCADRE,LT,E2209,3
mCADRE,LT,E2210,2
mCADRE,LT,E2211,2
mCADRE,LT,E2212,4
mCADRE,LT,E2213,4
mCADRE,LT,E2214,4
mCADRE,LT,E2215,4
mCADRE,LT,E2216,4
mCADRE,LT,E2217,4
mCADRE,LT,E2218,4
mCADRE,LT,E2219,4
mCADRE,LT,E2220,2
mCADRE,LT,E2221,2
mCADRE,LT,E2222,2
mCADRE,LT,E2223,0
mCADRE,LT,E2224,1
mCADRE,LT,E2225,2
mCADRE,LT,E2226,0
mCADRE,LT,E2227,0
mCADRE,LT,E2228,0
mCADRE,LT,E2229,0
mCADRE,LT,E2230,1
mCADRE,LT,E2231,0
mCADRE,LT,E2232,0
mCADRE,LT,E2233,1
mCADRE,LT,E2234,1
mCADRE,LT,E2235,1
mCADRE,LT,E2236,3
mCADRE,LT,E2237,9
mCADRE,LT,E2238,5
mCADRE,LT,E2239,24
mCADRE,LT,E2240,24
mCADRE,LT,E2241,28
mCADRE,LT,E2242,28
mCADRE,LT,E2243,28
mCADRE,LT,E2244,1
mCADRE,LT,E2245,1
mCADRE,LT,E2246,1
mCADRE,LT,E2247,1
mCADRE,LT,E2248,1
mCADRE,LT,E2249,1
mCADRE,LT,E2250,1
mCADRE,LT,E2251,1
mCADRE,LT,E2252,1
mCADRE,LT,E2253,1
mCADRE,LT,E2254,7
mCADRE,LT,E2255,3
mCADRE,LT,E2256,4
mCADRE,LT,E2257,4
mCADRE,LT,E2258,4
mCADRE,LT,E2259,2
mCADRE,LT,E2260,4
mCADRE,LT,E2261,29
mCADRE,LT,E2262,4
Swiftcore,LT,E2199,3
Swiftcore,LT,E2200,6
Swiftcore,LT,E2201,6
Swiftcore,LT,E2202,11
Swiftcore,LT,E2203,1
Swiftcore,LT,E2204,1
Swiftcore,LT,E2205,1
Swiftcore,LT,E2206,0
Swiftcore,LT,E2207,0
Swiftcore,LT,E2208,0
Swiftcore,LT,E2209,3
Swiftcore,LT,E2210,0
Swiftcore,LT,E2211,0
Swiftcore,LT,E2212,3
Swiftcore,LT,E2213,3
Swiftcore,LT,E2214,3
Swiftcore,LT,E2215,3
Swiftcore,LT,E2216,3
Swiftcore,LT,E2217,3
Swiftcore,LT,E2218,3
Swiftcore,LT,E2219,3
Swiftcore,LT,E2220,2
Swiftcore,LT,E2221,2
Swiftcore,LT,E2222,3
Swiftcore,LT,E2223,1
Swiftcore,LT,E2224,0
Swiftcore,LT,E2225,3
Swiftcore,LT,E2226,1
Swiftcore,LT,E2227,1
Swiftcore,LT,E2228,0
Swiftcore,LT,E2229,0
Swiftcore,LT,E2230,2
Swiftcore,LT,E2231,1
Swiftcore,LT,E2232,1
Swiftcore,LT,E2233,1
Swiftcore,LT,E2234,5
Swiftcore,LT,E2235,2
Swiftcore,LT,E2236,3
Swiftcore,LT,E2237,9
Swiftcore,LT,E2238,4
Swiftcore,LT,E2239,6
Swiftcore,LT,E2240,7
Swiftcore,LT,E2241,6
Swiftcore,LT,E2242,3
Swiftcore,LT,E2243,3
Swiftcore,LT,E2244,1
Swiftcore,LT,E2245,1
Swiftcore,LT,E2246,1
Swiftcore,LT,E2247,1
Swiftcore,LT,E2248,1
Swiftcore,LT,E2249,1
Swiftcore,LT,E2250,1
Swiftcore,LT,E2251,1
Swiftcore,LT,E2252,1
Swiftcore,LT,E2253,1
Swiftcore,LT,E2254,4
Swiftcore,LT,E2255,2
Swiftcore,LT,E2256,5
Swiftcore,LT,E2257,4
Swiftcore,LT,E2258,3
Swiftcore,LT,E2259,2
Swiftcore,LT,E2260,3
Swiftcore,LT,E2261,3
Swiftcore,LT,E2262,2
TOCS,LT,E2199,2
TOCS,LT,E2200,4
TOCS,LT,E2201,3
TOCS,LT,E2202,13
TOCS,LT,E2203,1
TOCS,LT,E2204,0
TOCS,LT,E2205,0
TOCS,LT,E2206,0
TOCS,LT,E2207,0
TOCS,LT,E2208,0
TOCS,LT,E2209,3
TOCS,LT,E2210,2
TOCS,LT,E2211,0
TOCS,LT,E2212,2
TOCS,LT,E2213,2
TOCS,LT,E2214,3
TOCS,LT,E2215,2
TOCS,LT,E2216,2
TOCS,LT,E2217,4
TOCS,LT,E2218,3
TOCS,LT,E2219,5
TOCS,LT,E2220,2
TOCS,LT,E2221,2
TOCS,LT,E2222,2
TOCS,LT,E2223,0
TOCS,LT,E2224,0
TOCS,LT,E2225,2
TOCS,LT,E2226,1
TOCS,LT,E2227,0
TOCS,LT,E2228,0
TOCS,LT,E2229,0
TOCS,LT,E2230,2
TOCS,LT,E2231,0
TOCS,LT,E2232,0
TOCS,LT,E2233,0
TOCS,LT,E2234,3
TOCS,LT,E2235,2
TOCS,LT,E2236,3
TOCS,LT,E2237,8
TOCS,LT,E2238,5
TOCS,LT,E2239,5
TOCS,LT,E2240,6
TOCS,LT,E2241,6
TOCS,LT,E2242,2
TOCS,LT,E2243,3
TOCS,LT,E2244,1
TOCS,LT,E2245,1
TOCS,LT,E2246,1
TOCS,LT,E2247,1
TOCS,LT,E2248,3
TOCS,LT,E2249,1
TOCS,LT,E2250,1
TOCS,LT,E2251,1
TOCS,LT,E2252,1
TOCS,LT,E2253,3
TOCS,LT,E2254,5
TOCS,LT,E2255,2
TOCS,LT,E2256,2
TOCS,LT,E2257,2
TOCS,LT,E2258,2
TOCS,LT,E2259,2
TOCS,LT,E2260,2
TOCS,LT,E2261,2
TOCS,LT,E2262,2
Fastcore,SD,E2199,11
Fastcore,SD,E2200,9
Fastcore,SD,E2201,13
Fastcore,SD,E2202,10
Fastcore,SD,E2203,11
Fastcore,SD,E2204,10
Fastcore,SD,E2205,10
Fastcore,SD,E2206,10
Fastcore,SD,E2207,10
Fastcore,SD,E2208,10
Fastcore,SD,E2209,12
Fastcore,SD,E2210,11
Fastcore,SD,E2211,11
Fastcore,SD,E2212,10
Fastcore,SD,E2213,10
Fastcore,SD,E2214,10
Fastcore,SD,E2215,10
Fastcore,SD,E2216,11
Fastcore,SD,E2217,10
Fastcore,SD,E2218,9
Fastcore,SD,E2219,9
Fastcore,SD,E2220,11
Fastcore,SD,E2221,10
Fastcore,SD,E2222,10
Fastcore,SD,E2223,11
Fastcore,SD,E2224,12
Fastcore,SD,E2225,11
Fastcore,SD,E2226,11
Fastcore,SD,E2227,11
Fastcore,SD,E2228,11
Fastcore,SD,E2229,11
Fastcore,SD,E2230,11
Fastcore,SD,E2231,11
Fastcore,SD,E2232,10
Fastcore,SD,E2233,12
Fastcore,SD,E2234,11
Fastcore,SD,E2235,11
Fastcore,SD,E2236,10
Fastcore,SD,E2237,10
Fastcore,SD,E2238,10
Fastcore,SD,E2239,12
Fastcore,SD,E2240,12
Fastcore,SD,E2241,10
Fastcore,SD,E2242,12
Fastcore,SD,E2243,9
Fastcore,SD,E2244,10
Fastcore,SD,E2245,10
Fastcore,SD,E2246,11
Fastcore,SD,E2247,10
Fastcore,SD,E2248,11
Fastcore,SD,E2249,10
Fastcore,SD,E2250,11
Fastcore,SD,E2251,11
Fastcore,SD,E2252,9
Fastcore,SD,E2253,10
Fastcore,SD,E2254,11
Fastcore,SD,E2255,11
Fastcore,SD,E2256,11
Fastcore,SD,E2257,11
Fastcore,SD,E2258,11
Fastcore,SD,E2259,11
Fastcore,SD,E2260,12
Fastcore,SD,E2261,12
Fastcore,SD,E2262,12
GIMME,SD,E2199,29
GIMME,SD,E2200,21
GIMME,SD,E2201,28
GIMME,SD,E2202,28
GIMME,SD,E2203,20
GIMME,SD,E2204,22
GIMME,SD,E2205,23
GIMME,SD,E2206,18
GIMME,SD,E2207,18
GIMME,SD,E2208,20
GIMME,SD,E2209,22
GIMME,SD,E2210,24
GIMME,SD,E2211,23
GIMME,SD,E2212,20
GIMME,SD,E2213,20
GIMME,SD,E2214,20
GIMME,SD,E2215,20
GIMME,SD,E2216,20
GIMME,SD,E2217,20
GIMME,SD,E2218,17
GIMME,SD,E2219,17
GIMME,SD,E2220,15
GIMME,SD,E2221,16
GIMME,SD,E2222,17
GIMME,SD,E2223,11
GIMME,SD,E2224,13
GIMME,SD,E2225,16
GIMME,SD,E2226,12
GIMME,SD,E2227,19
GIMME,SD,E2228,14
GIMME,SD,E2229,14
GIMME,SD,E2230,13
GIMME,SD,E2231,13
GIMME,SD,E2232,13
GIMME,SD,E2233,14
GIMME,SD,E2234,17
GIMME,SD,E2235,16
GIMME,SD,E2236,18
GIMME,SD,E2237,12
GIMME,SD,E2238,12
GIMME,SD,E2239,31
GIMME,SD,E2240,28
GIMME,SD,E2241,28
GIMME,SD,E2242,28
GIMME,SD,E2243,25
GIMME,SD,E2244,15
GIMME,SD,E2245,18
GIMME,SD,E2246,17
GIMME,SD,E2247,15
GIMME,SD,E2248,14
GIMME,SD,E2249,22
GIMME,SD,E2250,18
GIMME,SD,E2251,15
GIMME,SD,E2252,18
GIMME,SD,E2253,14
GIMME,SD,E2254,23
GIMME,SD,E2255,25
GIMME,SD,E2256,25
GIMME,SD,E2257,27
GIMME,SD,E2258,23
GIMME,SD,E2259,29
GIMME,SD,E2260,28
GIMME,SD,E2261,28
GIMME,SD,E2262,23
MBA,SD,E2199,27
MBA,SD,E2200,20
MBA,SD,E2201,29
MBA,SD,E2202,31
MBA,SD,E2203,15
MBA,SD,E2204,26
MBA,SD,E2205,21
MBA,SD,E2206,22
MBA,SD,E2207,23
MBA,SD,E2208,21
MBA,SD,E2209,25
MBA,SD,E2210,20
MBA,SD,E2211,19
MBA,SD,E2212,26
MBA,SD,E2213,17
MBA,SD,E2214,16
MBA,SD,E2215,17
MBA,SD,E2216,16
MBA,SD,E2217,16
MBA,SD,E2218,20
MBA,SD,E2219,19
MBA,SD,E2220,19
MBA,SD,E2221,15
MBA,SD,E2222,20
MBA,SD,E2223,14
MBA,SD,E2224,20
MBA,SD,E2225,22
MBA,SD,E2226,10
MBA,SD,E2227,15
MBA,SD,E2228,17
MBA,SD,E2229,13
MBA,SD,E2230,18
MBA,SD,E2231,11
MBA,SD,E2232,12
MBA,SD,E2233,14
MBA,SD,E2234,15
MBA,SD,E2235,14
MBA,SD,E2236,21
MBA,SD,E2237,12
MBA,SD,E2238,16
MBA,SD,E2239,28
MBA,SD,E2240,27
MBA,SD,E2241,27
MBA,SD,E2242,24
MBA,SD,E2243,24
MBA,SD,E2244,13
MBA,SD,E2245,16
MBA,SD,E2246,15
MBA,SD,E2247,13
MBA,SD,E2248,15
MBA,SD,E2249,17
MBA,SD,E2250,15
MBA,SD,E2251,16
MBA,SD,E2252,18
MBA,SD,E2253,16
MBA,SD,E2254,30
MBA,SD,E2255,26
MBA,SD,E2256,30
MBA,SD,E2257,27
MBA,SD,E2258,31
MBA,SD,E2259,26
MBA,SD,E2260,29
MBA,SD,E2261,28
MBA,SD,E2262,33
mCADRE,SD,E2199,27
mCADRE,SD,E2200,19
mCADRE,SD,E2201,29
mCADRE,SD,E2202,31
mCADRE,SD,E2203,16
mCADRE,SD,E2204,14
mCADRE,SD,E2205,19
mCADRE,SD,E2206,18
mCADRE,SD,E2207,18
mCADRE,SD,E2208,19
mCADRE,SD,E2209,22
mCADRE,SD,E2210,20
mCADRE,SD,E2211,19
mCADRE,SD,E2212,16
mCADRE,SD,E2213,16
mCADRE,SD,E2214,16
mCADRE,SD,E2215,16
mCADRE,SD,E2216,16
mCADRE,SD,E2217,16
mCADRE,SD,E2218,14
mCADRE,SD,E2219,14
mCADRE,SD,E2220,15
mCADRE,SD,E2221,15
mCADRE,SD,E2222,15
mCADRE,SD,E2223,9
mCADRE,SD,E2224,9
mCADRE,SD,E2225,15
mCADRE,SD,E2226,9
mCADRE,SD,E2227,13
mCADRE,SD,E2228,10
mCADRE,SD,E2229,9
mCADRE,SD,E2230,10
mCADRE,SD,E2231,9
mCADRE,SD,E2232,9
mCADRE,SD,E2233,13
mCADRE,SD,E2234,13
mCADRE,SD,E2235,15
mCADRE,SD,E2236,20
mCADRE,SD,E2237,11
mCADRE,SD,E2238,11
mCADRE,SD,E2239,24
mCADRE,SD,E2240,24
mCADRE,SD,E2241,24
mCADRE,SD,E2242,24
mCADRE,SD,E2243,24
mCADRE,SD,E2244,12
mCADRE,SD,E2245,13
mCADRE,SD,E2246,13
mCADRE,SD,E2247,12
mCADRE,SD,E2248,12
mCADRE,SD,E2249,14
mCADRE,SD,E2250,13
mCADRE,SD,E2251,12
mCADRE,SD,E2252,12
mCADRE,SD,E2253,12
mCADRE,SD,E2254,28
mCADRE,SD,E2255,26
mCADRE,SD,E2256,29
mCADRE,SD,E2257,28
mCADRE,SD,E2258,31
mCADRE,SD,E2259,26
mCADRE,SD,E2260,29
mCADRE,SD,E2261,28
mCADRE,SD,E2262,31
Swiftcore,SD,E2199,10
Swiftcore,SD,E2200,9
Swiftcore,SD,E2201,13
Swiftcore,SD,E2202,11
Swiftcore,SD,E2203,10
Swiftcore,SD,E2204,8
Swiftcore,SD,E2205,10
Swiftcore,SD,E2206,9
Swiftcore,SD,E2207,9
Swiftcore,SD,E2208,9
Swiftcore,SD,E2209,11
Swiftcore,SD,E2210,10
Swiftcore,SD,E2211,11
Swiftcore,SD,E2212,11
Swiftcore,SD,E2213,10
Swiftcore,SD,E2214,10
Swiftcore,SD,E2215,10
Swiftcore,SD,E2216,10
Swiftcore,SD,E2217,10
Swiftcore,SD,E2218,10
Swiftcore,SD,E2219,10
Swiftcore,SD,E2220,11
Swiftcore,SD,E2221,10
Swiftcore,SD,E2222,10
Swiftcore,SD,E2223,10
Swiftcore,SD,E2224,12
Swiftcore,SD,E2225,11
Swiftcore,SD,E2226,11
Swiftcore,SD,E2227,10
Swiftcore,SD,E2228,11
Swiftcore,SD,E2229,11
Swiftcore,SD,E2230,10
Swiftcore,SD,E2231,10
Swiftcore,SD,E2232,9
Swiftcore,SD,E2233,11
Swiftcore,SD,E2234,12
Swiftcore,SD,E2235,10
Swiftcore,SD,E2236,11
Swiftcore,SD,E2237,10
Swiftcore,SD,E2238,10
Swiftcore,SD,E2239,10
Swiftcore,SD,E2240,10
Swiftcore,SD,E2241,10
Swiftcore,SD,E2242,11
Swiftcore,SD,E2243,9
Swiftcore,SD,E2244,10
Swiftcore,SD,E2245,10
Swiftcore,SD,E2246,10
Swiftcore,SD,E2247,10
Swiftcore,SD,E2248,10
Swiftcore,SD,E2249,11
Swiftcore,SD,E2250,11
Swiftcore,SD,E2251,10
Swiftcore,SD,E2252,11
Swiftcore,SD,E2253,11
Swiftcore,SD,E2254,10
Swiftcore,SD,E2255,11
Swiftcore,SD,E2256,10
Swiftcore,SD,E2257,10
Swiftcore,SD,E2258,10
Swiftcore,SD,E2259,9
Swiftcore,SD,E2260,11
Swiftcore,SD,E2261,10
Swiftcore,SD,E2262,10
TOCS,SD,E2199,9
TOCS,SD,E2200,9
TOCS,SD,E2201,11
TOCS,SD,E2202,10
TOCS,SD,E2203,9
TOCS,SD,E2204,8
TOCS,SD,E2205,9
TOCS,SD,E2206,11
TOCS,SD,E2207,9
TOCS,SD,E2208,8
TOCS,SD,E2209,9
TOCS,SD,E2210,9
TOCS,SD,E2211,9
TOCS,SD,E2212,9
TOCS,SD,E2213,9
TOCS,SD,E2214,9
TOCS,SD,E2215,9
TOCS,SD,E2216,9
TOCS,SD,E2217,9
TOCS,SD,E2218,8
TOCS,SD,E2219,8
TOCS,SD,E2220,8
TOCS,SD,E2221,9
TOCS,SD,E2222,8
TOCS,SD,E2223,9
TOCS,SD,E2224,8
TOCS,SD,E2225,9
TOCS,SD,E2226,9
TOCS,SD,E2227,8
TOCS,SD,E2228,11
TOCS,SD,E2229,10
TOCS,SD,E2230,8
TOCS,SD,E2231,9
TOCS,SD,E2232,8
TOCS,SD,E2233,8
TOCS,SD,E2234,8
TOCS,SD,E2235,8
TOCS,SD,E2236,8
TOCS,SD,E2237,8
TOCS,SD,E2238,8
TOCS,SD,E2239,9
TOCS,SD,E2240,8
TOCS,SD,E2241,9
TOCS,SD,E2242,8
TOCS,SD,E2243,9
TOCS,SD,E2244,8
TOCS,SD,E2245,9
TOCS,SD,E2246,11
TOCS,SD,E2247,8
TOCS,SD,E2248,9
TOCS,SD,E2249,9
TOCS,SD,E2250,9
TOCS,SD,E2251,8
TOCS,SD,E2252,8
TOCS,SD,E2253,9
TOCS,SD,E2254,8
TOCS,SD,E2255,11
TOCS,SD,E2256,9
TOCS,SD,E2257,10
TOCS,SD,E2258,10
TOCS,SD,E2259,8
TOCS,SD,E2260,10
TOCS,SD,E2261,11
TOCS,SD,E2262,10
